"pk","author","year","title","record","citation"
"wheeler1985loss","Peter E Wheeler","1985","The loss of functional body hair in man: the influence of thermal environment, body form and bipedality","@Article{wheeler1985loss,
  author = {Peter E Wheeler},
  date-added = {2017-08-16 09:20:17 +0000},
  date-modified = {2017-08-16 09:20:17 +0000},
  journal = {Journal of Human Evolution},
  number = {1},
  pages = {23--28},
  publisher = {Elsevier},
  title = {The loss of functional body hair in man: the influence of thermal environment, body form and bipedality},
  volume = {14},
  year = {1985},
}","Wheeler (1985)"
"elman90findingStructure","Jeffrey L. Elman","1990","Finding structure in time","@Article{elman90findingStructure,
  abstract = {Time underlies many interesting human behaviors. Thus, the question of how to represent time in connectionist models is very important. One approach is to represent time implicitly by its effects on processing rather than explicitly (as in a spatial representation). The current report develops a proposal along these lines first described by Jordan (1986) which involves the use of recurrent links in order to provide networks with a dynamic memory. In this approach, hidden unit patterns are fed back to themselves; the internal representations which develop thus reflect task demands in the context of prior internal states. A set of simulations is reported which range from relatively simple problems (temporal version of XOR) to discovering syntactic/semantic features for words. The networks are able to learn interesting internal representations which incorporate task demands with memory demands; indeed, in this approach the notion of memory is inextricably bound up with task processing. These representations reveal a rich structure, which allows them to be highly context-dependent while also expressing generalizations across classes of items. These representations suggest a method for representing lexical categories and the type/token distinction.},
  author = {Jeffrey L. Elman},
  date-added = {2017-12-18 14:49:46 +0000},
  date-modified = {2017-12-18 14:49:46 +0000},
  doi = {10.1016/0364-0213(90)90002-E},
  journal = {Cognitive Science},
  number = {2},
  pages = {179--211},
  title = {Finding structure in time},
  url = {http://www.isrl.uiuc.edu/~amag/langev/paper/elman90findingStructure.html},
  volume = {14},
  year = {1990},
  bdsk-url-1 = {http://www.isrl.uiuc.edu/~amag/langev/paper/elman90findingStructure.html},
  bdsk-url-2 = {http://dx.doi.org/10.1016/0364-0213(90)90002-E},
}","Elman (1990)"
"ackley94altruismIn","D. H. Ackley; M. L. Littman","1994","Altruism in the evolution of communication","@InProceedings{ackley94altruismIn,
  abstract = {Computer models of evolutionary phenomena often assume that the fitness of an individual can be evaluated in isolation, but effective communication requires that individuals interact. Existing models directly reward speakers for improved behavior on the part of the listeners so that, essentially, effective communication is fitness. We present new models in which, even though 'speaking truthfully' provides no tangible benefit to the speaker, effective communication nonetheless evolves. A large population is spatially distributed so that 'communication range' approximately correlates with 'breeding range,' so that most of the time 'you'll be talking to family,' allowing kin selection to encourage the emergence of communication. However, the emergence of altruistic communication also creates niches that can be exploited by 'information parasites.' The new models display complex and subtle long-term dynamics as the global implications of such social dilemmas are played out.},
  address = {Cambridge, MA},
  author = {D. H. Ackley and M. L. Littman},
  booktitle = {Artificial Life IV},
  date-added = {2017-12-18 14:49:46 +0000},
  date-modified = {2017-12-18 14:49:46 +0000},
  editor = {R. Brooks and P. Maes},
  pages = {40-48},
  publisher = {MIT Press},
  title = {Altruism in the evolution of communication},
  url = {http://www.isrl.uiuc.edu/~amag/langev/paper/ackley94altruismIn.html},
  year = {1994},
  bdsk-url-1 = {http://www.isrl.uiuc.edu/~amag/langev/paper/ackley94altruismIn.html},
}","Ackley & Littman (1994)"
"batali94innateBiases","J. Batali","1994","Innate biases and critical periods: Combining evolution and learning in the acquisition of syntax","@InProceedings{batali94innateBiases,
  abstract = {Recurrent neural networks can be trained to recognize strings generated by context-free grammars, but the ability of the networks to do so depends on their having an appropriate set of initial connection weights. Simulations of evolution were performed on populations of simple recurrent networks where the selection criterion was the ability of the networks to recognize strings generated by grammars. The networks evolved sets of initial weights from which they could reliably learn to recognize the strings. In order to recognize if a string was generated by a given context-free grammar, it is necessary to use a stack or counter to keep track of the depth of embedding in the string. The networks that evolved in our simulations are able to use the values passed along their recurrent connections for this purpose. Furthermore, populations of networks can evolve a bias towards learning the underlying regularities in a class of related languages. These results suggest a new explanation for the ``critical period'' effects observed in the acquisition of language and other cognitive faculties. Instead of being the result of an exogenous maturational process, the degraded acquisition ability may be the result of the values of innately specified initial weights diverging in response to training on spurious input.},
  address = {Cambridge, MA},
  author = {J. Batali},
  booktitle = {Artificial Life IV},
  date-added = {2017-12-18 14:49:46 +0000},
  date-modified = {2017-12-18 14:49:46 +0000},
  editor = {R. Brooks and P. Maes},
  pages = {160-171},
  publisher = {MIT Press},
  title = {Innate biases and critical periods: Combining evolution and learning in the acquisition of syntax},
  url = {http://www.isrl.uiuc.edu/~amag/langev/paper/batali94innateBiases.html},
  year = {1994},
  bdsk-url-1 = {http://www.isrl.uiuc.edu/~amag/langev/paper/batali94innateBiases.html},
}","Batali (1994)"
"Isbell_Young_1996","L. A. Isbell; T.P. Young","1996","The evolution of bipedalism in hominids and reduced group size in chimpanzees: alternative responses to decreasing resource availability","@Article{Isbell_Young_1996,
  abstract = {<P> One hypothesis for the evolution of hominid bipedalism is that bipedalism was more efficient than quadrupedalism for long-distance terrestrial locomotion, and was favored when resources became scarcer and more widely separated during the drying of African forests in the Miocene. Here we extend this scenario for the evolution of bipedalism based on principles of behavioral ecology of extant primates. Daily travel distance is not only an increasing function of resource scarcity, but also of group size (because of intragroup scramble competition). When faced with Miocene drying, hominoids were forced to evolve either energetically more efficient locomotory abilities or smaller group sizes. The cost of the latter strategy is that smaller groups are less successful than larger groups in intergroup contest competition (smaller groups are supplanted from limiting resources). Among the earliest hominids, bipedalism may have been favored over small group size as an alternative energetic response to decreased resource availability. The alternative was to maintain quadrupedal locomotion but evolve fission-fusion grouping to reduce daily travel distance for individuals and hence, their energetic costs of travel. We suggest that this strategy represents the evolutionary pathway taken by chimpanzees. This divergence of strategies may have been a result of inherent differences in feeding ecology, but could also have been enhanced by the pre-empting of niche space by the two closely related and presumably competing hominoid ancestors of humans and chimpanzees. If so, it could have been a potential factor in the speciation process that led to modern humans and chimpanzees.</P>},
  author = {L. A. Isbell and T.P. Young},
  date-added = {2017-08-16 09:18:14 +0000},
  date-modified = {2017-08-16 09:18:14 +0000},
  journal = {Journal of Human Evolution},
  pages = {389-397(9)},
  title = {The evolution of bipedalism in hominids and reduced group size in chimpanzees: alternative responses to decreasing resource availability},
  url = {http://www.ingentaconnect.com/content/ap/hu/1996/00000030/00000005/art00034},
  volume = {30},
  year = {1996},
  bdsk-url-1 = {http://www.ingentaconnect.com/content/ap/hu/1996/00000030/00000005/art00034},
}","Isbell & Young (1996)"
"deboer99selfOrganisation","B. de Boer","1999","Self-Organisation in Vowel Systems","@PhdThesis{deboer99selfOrganisation,
  abstract = {The research described in this thesis tries to explain the origins and the struc- ture of human sound systems (and more specifically human vowel systems) as the result of self-organisation in a population under functional con- straints. These constraints are: acoustic distinctiveness, articulatory ease and ease of learning. The process is modelled with computer simulations, following the meth- odology of artificial life and artificial intelligence. The research is part of a larger re- search effort into understanding the origins and the nature of language and intelli- gence. <p> The emergence of sound systems is studied in a setting called the imitation game. In an imitation game, agents from a population interact in order to imitate each other as well as possible. Imitation is a binary process: it is either successful or a failure. Agents are able to produce and perceive speech sounds in a human-like way, and to adapt and extend their repertoires of speech sounds in reaction to the outcome of the imitation games. The agents' vowel repertoires are initially empty and are bootstrapped by random insertion of a speech sound when an agent with an empty repertoire wants to produce a sound. When the agents' repertoires are not empty anymore, random insertion does not happen anymore, except with very low probability. This low-probability random insertion is done in order to keep a pres- sure on the agents to extend their number of vowels. . <p> As the agents' repertoires are initially empty and their production and percep- tion are not biased towards any language in particular, the systems of speech sounds that emerge are language-independent and can be considered predictions of the kinds of systems of speech sounds that can be found in human languages. <p> The main focus of the thesis is on the emergence of vowel systems. It is shown that coherent, successful and realistic vowel systems emerge for a wide range of pa- rameter settings in the simulation. When the vowel systems are compared with the types of vowel systems that are found in human languages, remarkable similarities are found. Not only are the most frequently found human vowel systems predicted, (this could already be done with direct optimisation of acoustic distinctiveness) but also less frequently occurring vowel systems are predicted in approximately the right proportions. <p> Variations on the basic imitation game show that it is remarkably robust. Not only do coherent, successful and realistic vowel systems emerge for a large number of parameter settings, but they also emerge when either the imitation game or the agents are changed qualitatively. Coherent and realistic systems still emerge when the perception and production of the agents are changed. Even if the rules of the imitation game are slightly changed, coherent and realistic systems still emerge. Of course, there are circumstances under which no systems emerge, indicating that the process is non-trivial. <p> It is also shown that the vowel systems can emerge and be preserved in chang- ing populations. When old agents are removed from the population, and new, empty agents are added, coherent and realistic vowel systems can still emerge, provided that the replacement rate is not too high. It is also shown in the thesis that vowel systems can be preserved in a population, even though all original agents in it have been replaced. Furthermore, it is shown that under certain circumstances it can be advantegeous to have an age-structure in the population, so that older agents learn less quickly than young ones. <p> Finally, some experiments with more complex utterances are presented in the thesis. An experiment with artificial CV-syllables is presented and it is shown that, although phonemically coded (as opposed to holistically coded) systems can emerge, this simulation is much harder and much more sensitive to parameter changes than the vowel simulation. This probably has to do with the fact that in the case of CV- syllables multiple independent and partly contradictory constraints have to be satis- fied simultaneously, whereas in the vowel simulations, only one constraint (acoustic distinctiveness) is really important. Also, the first attempts at building a system that can produce complex and dynamic utterances without any constraints on their structure are presented, and it is argued that the main obstacle to getting such a system to work is the mapping from acoustic signals back to articulatory com- mands. <p> The conclusion of the thesis is that universal tendencies of human vowel sys- tems, and probably of human sound systems in general can be explained as the re- sult of self-organisation in a population of agents that try to communicate as well as possible under articulatory and acoustic constraints. The articulatory and acoustic constraints cause the emerging sound systems to tend towards articulatory and acoustic optimality. However, the fact that the agents communicate in a population forces them to conform to the sound system in the population and causes sub- optimal systems to emerge as well.},
  author = {B. {de Boer}},
  date-added = {2017-12-18 14:49:46 +0000},
  date-modified = {2017-12-18 14:49:47 +0000},
  month = {June},
  school = {Vrije Universiteit Brussel AI-lab},
  title = {Self-Organisation in Vowel Systems},
  url = {http://www.isrl.uiuc.edu/~amag/langev/paper/deboer99selfOrganisation.html},
  year = {1999},
  bdsk-url-1 = {http://www.isrl.uiuc.edu/~amag/langev/paper/deboer99selfOrganisation.html},
}","de & Boer (1999)"
"dipaolo99onThe","E. A. Di Paolo","1999","On the Evolutionary and Behavioral Dynamics of Social Coordination: Models and Theoretical Aspects","@PhdThesis{dipaolo99onThe,
  abstract = {An exploration is presented of the interplay between the situated activity of embodied autonomous organisms and the social dynamics they constitute in interaction, with special emphasis on evolutionary, ecological and behavioral aspects. The thesis offers a series of theoretical and methodological criticisms of recent investigations on the biology of social behavior and animal communication. An alternative theoretical framework, based on a systemic theory of biological autonomy, is provided to meet these criticisms and the elaboration of the corresponding theoretical arguments is supported by the construction and analysis of mathematical and computational models. <p> A game of action coordination is studied by a series of game-theoretic, ecological and computational models which, by means of systematic comparisons, permit the identification of the evolutionary relevance of different factors like finite populations, ecological and genetic constraints, spatial patterns, discreteness and stochasticity. Only in an individual-based model is it found that cooperative action coordination is evolutionarily stable. This is due to the emergence of spatial clusters in the spatial distribution of players which break many of the in-built symmetries of the game and act as invariants of the dynamics constraining the path of viable evolution. <p> An extension to this model explores other structuring effects by adding the possibility of parental influences on phenotypic development. The result is a further stabilization of cooperative coordination which is explained by the presence of self-promoting networks of developmental relationships which enslave the evolutionary dynamics. <p> The behavioral aspects involved in the attainment of a coordinated state between autonomous systems are studied in a simulated model of embodied agents coupled through an acoustic medium. Agents must locate and approach each other only by means of continuous acoustic signals. The results show the emergence of synchronized rhythmic signalling patterns that resemble turn-taking which is accompanied by coherent patterns of movement. It is demonstrated that coordination results from the achievement of structural congruence between the agents during interaction.},
  author = {E. A. Di Paolo},
  date-added = {2017-12-18 14:49:46 +0000},
  date-modified = {2017-12-18 14:49:46 +0000},
  school = {School of Cognitive and Computing Sciences, University of Sussex},
  title = {On the Evolutionary and Behavioral Dynamics of Social Coordination: Models and Theoretical Aspects},
  url = {http://www.isrl.uiuc.edu/~amag/langev/paper/dipaolo99onThe.html},
  year = {1999},
  bdsk-url-1 = {http://www.isrl.uiuc.edu/~amag/langev/paper/dipaolo99onThe.html},
}","Paolo (1999)"
"dunbar2004gossip","Robin IM Dunbar","2004","Gossip in evolutionary perspective.","@Article{dunbar2004gossip,
  title = {Gossip in evolutionary perspective.},
  author = {Robin IM Dunbar},
  journal = {Review of general psychology},
  volume = {8},
  number = {2},
  pages = {100},
  year = {2004},
  publisher = {Educational Publishing Foundation},
}","Dunbar (2004)"
"jim00talkingHelps","Kam-Chuen Jim; C. Lee Giles","2000","Talking Helps: Evolving Communicating Agents for the Predator-Prey Pursuit Problem","@Article{jim00talkingHelps,
  abstract = {We analyze a general model of multi-agent communication in which all agents communicate simultaneously to a message board. A genetic algorithm is used to evolve multi-agent languages for the predator agents in a version of the predator-prey pursuit problem. We show that the resulting behavior of the communicating multi-agent system is equivalent to that of a Mealy finite state machine whose states are determined by the agents' usage of the evolved language. Simulations show that the evolution of a communication language improves the performance of the predators. Increasing the language size (and thus increasing the number of possible states in the Mealy machine) improves the performance even further. Furthermore, the evolved communicating predators perform significantly better than all previous work on similar prey. We introduce a method for incrementally increasing the language size, which results in an effective coarse-to-fine search that significantly reduces the evolution time required to find a solution. We present some observations on the effects of language size, experimental setup, and prey difficulty on the evolved Mealy machines. In particular, we observe that the start state is often revisited, and incrementally increasing the language size results in smaller Mealy machines. Finally, a simple rule is derived that provides a pessimistic estimate on the minimum language size that should be used for any multi-agent problem.},
  author = {Kam-Chuen Jim and C. Lee Giles},
  date-added = {2017-12-18 14:49:46 +0000},
  date-modified = {2017-12-18 14:49:46 +0000},
  journal = {Artificial Life},
  number = {3},
  pages = {237--254},
  title = {Talking Helps: Evolving Communicating Agents for the Predator-Prey Pursuit Problem},
  url = {http://www.isrl.uiuc.edu/~amag/langev/paper/jim00talkingHelps.html},
  volume = {6},
  year = {2000},
  bdsk-url-1 = {http://www.isrl.uiuc.edu/~amag/langev/paper/jim00talkingHelps.html},
}","Jim & Giles (2000)"
"macneilage00onThe","Peter F. MacNeilage; Barbara L. Davis","2000","On the origin of internal structure of word forms","@Article{macneilage00onThe,
  abstract = {This study shows that a corpus of proto-word forms shares four sequential sound patterns with words of modern languages and the first words of infants. Three of the patterns involve intrasyllabic consonant-vowel (CV) co-occurrence: labial (lip) consonants with central vowels, coronal (tongue front) consonants with front vowels, and dorsal (tongue back) consonants with back vowels. The fourth pattern is an intersyllabic preference for initiating words with a labial consonant-vowel-coronal consonant sequence (LC). The CV effects may be primarily biomechanically motivated. The LC effect may be self-organizational, with multivariate causality. The findings support the hypothesis that these four patterns were basic to the origin of words.},
  author = {Peter F. MacNeilage and Barbara L. Davis},
  date-added = {2017-12-18 14:49:46 +0000},
  date-modified = {2017-12-18 14:49:46 +0000},
  doi = {10.1126/science.288.5465.527},
  journal = {Science},
  pages = {527-531},
  title = {On the origin of internal structure of word forms},
  url = {http://www.isrl.uiuc.edu/~amag/langev/paper/macneilage00onThe.html},
  volume = {288},
  year = {2000},
  bdsk-url-1 = {http://www.isrl.uiuc.edu/~amag/langev/paper/macneilage00onThe.html},
  bdsk-url-2 = {http://dx.doi.org/10.1126/science.288.5465.527},
}","MacNeilage & Davis (2000)"
"cangelosi01howNouns","A. Cangelosi; D. Parisi","2001","How nouns and verbs differentially affect the behavior of artificial organisms","@InProceedings{cangelosi01howNouns,
  abstract = {This paper presents an Artificial Life and Neural Network (ALNN) model for the evolution of syntax. The simulation methodology provides a unifying approach for the study of the evolution of language and its interaction with other behavioral and neural factors. The model uses an object manipulation task to simulate the evolution of language based on a simple verb-noun rule. The analyses of results focus on the interaction between language and other non-linguistic abilities, and on the neural control of linguistic abilities. The model shows that the beneficial effects of language on non-linguistic behavior are explained by the emergence of distinct internal representation patterns for the processing of verbs and nouns.},
  address = {London},
  author = {A. Cangelosi and D. Parisi},
  booktitle = {Proceedings of the Twenty-third Annual Conference of the Cognitive Science Society},
  date-added = {2017-12-18 14:49:46 +0000},
  date-modified = {2017-12-18 14:49:46 +0000},
  editor = {Johanna D. Moore and Keith Stenning},
  pages = {170-175},
  publisher = {Lawrence Erlbaum Associates},
  title = {How nouns and verbs differentially affect the behavior of artificial organisms},
  url = {http://www.isrl.uiuc.edu/~amag/langev/paper/cangelosi01howNouns.html},
  year = {2001},
  bdsk-url-1 = {http://www.isrl.uiuc.edu/~amag/langev/paper/cangelosi01howNouns.html},
}","Cangelosi & Parisi (2001)"
"dor01selection","Daniel Dor; Eva Jablonka","2001","From Cultural Selection to Genetic Selection: A Framework for the Evolution of Language","@Article{dor01selection,
  abstract = {This paper is an attempt to construct a programmatic framework for the evolution of human language. First, we pres- ent a novel characterization of language, which is based on some of the most recent research results in linguistics. As these results suggest, language is best characterized as a specialized communication system, dedicated to the expres- sion of a surprisingly constrained set of meanings. This characterization calls for an account of the evolution of lan- guage in terms of the interaction between cultural and genetic evolution. We develop such an evolutionary model on the basis of the mechanism of culturally-driven genetic assimilation. As we show, a careful analysis of the diverse effects of this mechanism derives some of the most crucial properties of the evolved linguistic capacity as a specific, functional communication system.},
  author = {Daniel Dor and Eva Jablonka},
  date-added = {2017-12-18 14:49:46 +0000},
  date-modified = {2017-12-18 14:49:46 +0000},
  doi = {10.1556/Select.1.2000.1-3.5},
  journal = {Selection},
  keywords = {Cultural evolution, genetic assimilation, linguistic semantics, syntax.semantics interface, island constraints},
  number = {1-3},
  pages = {33-56},
  title = {From Cultural Selection to Genetic Selection: A Framework for the Evolution of Language},
  url = {http://www.isrl.uiuc.edu/~amag/langev/paper/dor01selection.html},
  volume = {1},
  year = {2001},
  bdsk-url-1 = {http://www.isrl.uiuc.edu/~amag/langev/paper/dor01selection.html},
  bdsk-url-2 = {http://dx.doi.org/10.1556/Select.1.2000.1-3.5},
}","Dor & Jablonka (2001)"
"ferrer01theSmall","Ramon Ferrer-i-Cancho; Ricard V. Sole","2001","The small world of human language","@Article{ferrer01theSmall,
  abstract = {Words in human language interact in sentences in non-random ways, and allow humans to construct an astronomic variety of sentences from a limited number of discrete units. This construction process is extremely fast and robust. The co-occurrence of words in sentences reflects language organization in a subtle manner that can be described in terms of a graph of word interactions. Here, we show that such graphs display two important features recently found in a disparate number of complex systems. (i) The so called small-world effect. In particular, the average distance between two words, d (i.e. the average minimum number of links to be crossed from an arbitrary word to another), is shown to be d approximate to 2-3, even though the human brain can store many thousands. (ii) A scale-free distribution of degrees. The known pronounced effects of disconnecting the most connected vertices in such networks can be identified in some language disorders. These observations indicate some unexpected features of language organization that might reflect the evolutionary and social history of lexicons and the origins of their flexibility and combinatorial nature.},
  author = {Ramon Ferrer-i-Cancho and Ricard V. Sole},
  date-added = {2017-12-18 14:49:46 +0000},
  date-modified = {2017-12-18 14:49:46 +0000},
  doi = {10.1098/rspb.2001.1800},
  journal = {Proceedings of The Royal Society of London. Series B, Biological Sciences},
  keywords = {Small-world, scaling, lexical networks, human language},
  month = {November},
  number = {1482},
  pages = {2261-2265},
  title = {The small world of human language},
  url = {http://www.isrl.uiuc.edu/~amag/langev/paper/ferrer01theSmall.html},
  volume = {268},
  year = {2001},
  bdsk-url-1 = {http://www.isrl.uiuc.edu/~amag/langev/paper/ferrer01theSmall.html},
  bdsk-url-2 = {http://dx.doi.org/10.1098/rspb.2001.1800},
}","Ferrer-i-Cancho & Sole (2001)"
"akaishi03misperception","Jin Akaishi; Takaya Arita","2003","Misperception, Communication and Diversity","@InProceedings{akaishi03misperception,
  abstract = {It is commonly agreed upon that misperception is detrimental. However, misperception might have a beneficial effect from a collective viewpoint when individuals mispercept incoming information that promotes a specific kind of behavior, which leads to an increase in diversity. First, this paper proposes our hypothesis regarding adaptive property of misperception based on the argument of the relationship between misperception and behavioral diversity, and the effects of communication on diversity. Then, a simple computational model is constructed for a resource-searching problem by using the multi-agent modeling method. We investigate both direct misperception, that are caused when obtaining information directly from surrounding environment, and indirect misperception, that are caused when obtaining information indirectly through communication by conducting simulation experiments. The experimental results have shown that misperception could increase diversity in behavior of agents, thus could be adaptive, while accurate communication could decrease a diversity of agent behavior, which might decrease fitness. This paper also discusses a correlative relationship between direct misperception and indirect misperception. We believe that the study on adaptive property of misperception based on an innovative frame of reference and a powerful methodology in the field of complex system or artificial life would shed light on fundamental issues in cognitive science, memetics and engineering.},
  author = {Jin Akaishi and Takaya Arita},
  booktitle = {Artificial Life VIII},
  date-added = {2017-12-18 14:49:46 +0000},
  date-modified = {2017-12-18 14:49:46 +0000},
  publisher = {MIT Press},
  title = {Misperception, Communication and Diversity},
  url = {http://www.isrl.uiuc.edu/~amag/langev/paper/akaishi03misperception.html},
  year = {2003},
  bdsk-url-1 = {http://www.isrl.uiuc.edu/~amag/langev/paper/akaishi03misperception.html},
}","Akaishi & Arita (2003)"
"hauser03music","Marc D. Hauser; Josh McDermott","2003","The evolution of the music faculty: a comparative perspective","@Article{hauser03music,
  abstract = {We propose a theoretical framework for exploring the evolution of the music faculty from a comparative perspective. This framework addresses questions of phylogeny, adaptive function, innate biases and perceptual mechanisms. We argue that comparative studies can make two unique contributions to investigations of the origins of music. First, musical exposure can be controlled and manipulated to an extent not possible in humans. Second, any features of music perception found in nonhuman animals must not be part of an adaptation for music, and must rather be side effects of more general features of perception or cognition. We review studies that use animal research to target specific aspects of music perception (such as octave generalization), as well as studies that investigate more general and shared systems of the mind/brain that may be relevant to music (such as rhythm perception and emotional encoding). Finally, we suggest several directions for future work, following the lead of comparative studies on the language faculty.},
  author = {Marc D. Hauser and Josh McDermott},
  date-added = {2017-12-18 14:49:46 +0000},
  date-modified = {2017-12-18 14:49:46 +0000},
  doi = {10.1038/nn1080},
  journal = {Nature Neuroscience},
  month = {July},
  number = {7},
  pages = {663-668},
  title = {The evolution of the music faculty: a comparative perspective},
  url = {http://www.isrl.uiuc.edu/~amag/langev/paper/hauser03music.html},
  volume = {6},
  year = {2003},
  bdsk-url-1 = {http://www.isrl.uiuc.edu/~amag/langev/paper/hauser03music.html},
  bdsk-url-2 = {http://dx.doi.org/10.1038/nn1080},
}","Hauser & McDermott (2003)"
"vogt03ecal","Paul Vogt","2003","Grounded Lexicon Formation Without Explicit Reference Transfer: who's talking to who?","@InProceedings{vogt03ecal,
  abstract = {This paper presents a first investigation regarding lexicon grounding and evolution under an iterated learning regime without an explicit transfer of reference. In the original iterated learning framework, a population contains adult speakers and learning hearers. In this paper I investigate the effects of allowing both adults and learners to take up the role of speakers and hearers with varying probabilities. The results indicate that when adults and learners can be selected as speakers and hearers, their lexicons become more similar but at the cost of reduced success in communication.},
  author = {Paul Vogt},
  booktitle = {ECAL03},
  date-added = {2017-12-18 14:49:46 +0000},
  date-modified = {2017-12-18 14:49:47 +0000},
  pages = {545-552},
  publisher = {Springer-Verlag},
  title = {Grounded Lexicon Formation Without Explicit Reference Transfer: who's talking to who?},
  url = {http://www.isrl.uiuc.edu/~amag/langev/paper/vogt03ecal.html},
  year = {2003},
  bdsk-url-1 = {http://www.isrl.uiuc.edu/~amag/langev/paper/vogt03ecal.html},
}","Vogt (2003)"
"ke04phd","Jinyun Ke","2004","Self-organization and Language Evolution: System, Population and Individual","@PhdThesis{ke04phd,
  abstract = {This thesis proposes a framework adopting the self-organization theory for the study of language evolution. Self-organization explains collective behaviors and evolution with the observation that the patterns at the global level in a complex system are often properties spontaneously emergent from the numerous local interactions among the individual components, and they cannot be understood by only examining the individual components. <p> Language can be viewed as such emergent properties instead of products from some innate blueprint in humans. We highlight the importance of recognizing language at two distinctive but inter-dependent levels of existence, i.e. in the idiolect and in the communal language, and a self-organizing process existing at each of the two levels. It is necessary to clarify what phenomena are properties of the idiolects, and what properties are the collective behaviors at the population level. <p> In linguistics, however, very often an abstract language system is taken as the object of analysis. This level of analysis disregards the distinction between idiolect and communal language, and neglects the heterogeneous nature of language at both levels. As a consequence, explanations for observed patterns based on this abstract level of analysis are often inadequate. However, this is a necessary step for linguists to identify interesting phenomena in the first place. At this abstract level of analysis, the self-organization framework can also be applied. It is assumed that the abstract language system self-organizes. A study on homophony in languages is taken as an example to illustrate the analysis at this level. It is shown that the existence of homophony reflects several self-organization characteristics in a dynamic process of language evolution, such as the predictable degree of homophony, the disyllabification in Chinese dialects, the differentiation of homophone pairs in grammatical class. <p> We are further interested in how the self-organization is implemented. To answer this question, we need to look into the idiolects in this self-organizing process, to know how the idiolects are formed and affect each other. Language change provides an informative window in addressing these issues. Language change is the result of the collective behaviors of idiolects, even as it affects the idiolects. The heterogeneity among idiolects is exposed to the greatest extent in on-going changes. <p> An on-going sound change in Cantonese is taken as a case study to scrutinize the heterogeneity in the self-organizing processes. The fieldwork data reveal a large degree of variation both in the population (VT-I) and in the set of words (VT-II). Another type of variation (VT-III) is highlighted, that is, a word may also show variation within one single speaker. But this VT-III within speakers only exists in a proportion, but not all, of the words subject to the change. Also we find that if a speaker has some words consistently in the unchanged state and some words in the changed state, then this speaker must have some other words in the variation state. Most speakers show the existence of VT-III, but they vary in degree. The observed individual differences in the degree of VT-III suggest that the large heterogeneity may be not only accounted for by the variability of linguistic input, but also by individuals' different learning styles. We hypothesize two types of lexical learning styles, i.e. probabilistic and categorical learning. These differences in learning styles suggest that when we examine the agent's internal properties in the self-organization framework, it is not only necessary to examine the commonalities among agents, but also the differences among them. <p> In addition to empirical studies, this thesis employs computational modeling as a major tool for investigation, as modeling provides effective ways to test hypotheses beyond empirical studies, and suggests new questions. After a brief review of the modeling studies in the field, some models developed in this thesis for language origin and language change are reported. <p> The first model is to simulate the emergence of a consistent vocabulary from a set of random mappings between meanings and forms. It emphasizes the importance of implementing the actual process of interaction among agents, and the cumulative effect on agents' linguistic behaviors. The model suggests that the Saussurean sign with identical speaking and listening mappings may not be a biological predisposition from natural selection, but rather a result from the process of language learning and use. The process exhibits a phase transition from a long period of small oscillation to an abrupt convergence. Such phase transition is often observed in self-organizing systems. <p> The second model simulates language change as innovation diffusion, and examines the effects of various factors, including some concerning properties of agents and some affecting agents' interactions. By comparing the outcome under different conditions, the model illustrates the importance of incorporating realistic assumptions, such as finite population size, age-dependent propensity to change, different learning environment in a social network, etc. The model compares the dynamics of language change in different types of network structures and shows that in non-regular networks, the rate of innovation diffusion increases little as population size increases. The model also tests the effect of the two types of hypothesized learning styles, and shows that in a population with the presence of probabilistic learners, an innovation with a small advantage will easily spread into the population and lead to a change. This may explain why language changes are so frequent. <p> This thesis demonstrates that both empirical and modeling studies on language evolution can greatly benefit from adopting a self-organization framework. The convergence and interplay of the two lines of exploration, i.e. biological bases in agents and the long term effect of interactions among them, should bring us a deeper understanding of how language has evolved and is evolving.},
  author = {Jinyun Ke},
  date-added = {2017-12-18 14:49:46 +0000},
  date-modified = {2017-12-18 14:49:46 +0000},
  school = {Department of Electronic Engineering, City University of Hong Kong},
  title = {Self-organization and Language Evolution: System, Population and Individual},
  url = {http://www.isrl.uiuc.edu/~amag/langev/paper/ke04phd.html},
  year = {2004},
  bdsk-url-1 = {http://www.isrl.uiuc.edu/~amag/langev/paper/ke04phd.html},
}","Ke (2004)"
"macwhinney2005language","Brian MacWhinney","2005","Language evolution and human development","@Article{macwhinney2005language,
  author = {Brian MacWhinney},
  date-added = {2017-08-16 09:19:55 +0000},
  date-modified = {2017-08-16 09:19:55 +0000},
  journal = {Child development and evolutionary psychology. New York: Academic},
  title = {Language evolution and human development},
  year = {2005},
}","MacWhinney (2005)"
"vallejo05avianCommunicationECAL","Edgar E. Vallejo; Charles E. Taylor","2005","Interactions Between Learning and Evolution in Simulated Avian Communication","@InProceedings{vallejo05avianCommunicationECAL,
  abstract = {This paper presents a computational framework for studying the influence of learning on the evolution of avian communication. We conducted computer simulations for exploring the effects of different learning strategies on the evolution of bird song. Experimental results show the genetic assimilation of song repertoires as a consequence of interactions between learning and evolution.},
  author = {Edgar E. Vallejo and Charles E. Taylor},
  booktitle = {ECAL05},
  date-added = {2017-12-18 14:49:46 +0000},
  date-modified = {2017-12-18 14:49:47 +0000},
  doi = {10.1007/11553090_64},
  month = {September},
  pages = {634-643},
  publisher = {Springer},
  title = {Interactions Between Learning and Evolution in Simulated Avian Communication},
  url = {http://www.isrl.uiuc.edu/~amag/langev/paper/vallejo05avianCommunicationECAL.html},
  year = {2005},
  bdsk-url-1 = {http://www.isrl.uiuc.edu/~amag/langev/paper/vallejo05avianCommunicationECAL.html},
  bdsk-url-2 = {http://dx.doi.org/10.1007/11553090_64},
}","Vallejo & Taylor (2005)"
"wang05verticalAndHorizontalTransmission","William S-Y. Wang; James W. Minett","2005","Vertical and horizontal transmission in language evolution","@Article{wang05verticalAndHorizontalTransmission,
  abstract = {It has been observed that borrowing within a group of genetically related languages often causes the lexical similarities among them to be skewed. Consequently, it has been proposed that borrowing can sometimes be inferred from such skewing. However, heterogeneity in the rate of lexical replacement, as well as borrowing from other languages, can also give rise to skewed lexical similarities. It is important, therefore, to determine to what degree skewing is a statistically significant indicator of borrowing. Here, we describe a statistical hypothesis test for detecting language contact based on skewing of linguistic characters of arbitrary type. Significant probabilities of correct detection of contact are maintained for various contact scenarios, with low false alarm probability. Our experiments show that the test is fairly robust to substantial heterogeneity in the retention rate, both across characters and across lineages, suggesting that the method can provide an objective criterion against which claims of significant skewing due to contact can be tested, pointing the way for more detailed analysis.},
  author = {William S-Y. Wang and James W. Minett},
  date-added = {2017-12-18 14:49:46 +0000},
  date-modified = {2017-12-18 14:49:47 +0000},
  doi = {10.1111/j.1467-968X.2005.00147.x},
  journal = {Transactions of the Philological Society},
  month = {August},
  number = {2},
  pages = {121-146},
  title = {Vertical and horizontal transmission in language evolution},
  url = {http://www.isrl.uiuc.edu/~amag/langev/paper/wang05verticalAndHorizontalTransmission.html},
  volume = {103},
  year = {2005},
  bdsk-url-1 = {http://www.isrl.uiuc.edu/~amag/langev/paper/wang05verticalAndHorizontalTransmission.html},
  bdsk-url-2 = {http://dx.doi.org/10.1111/j.1467-968X.2005.00147.x},
}","Wang & Minett (2005)"
"baxter06utteranceSelectionModel","Gareth J. Baxter; Richard A. Blythe; William Croft; Alan J. McKane","2006","Utterance Selection Model of Language Change","@Article{baxter06utteranceSelectionModel,
  abstract = {We present a mathematical formulation of a theory of language change. The theory is evolutionary in nature and has close analogies with theories of population genetics. The mathematical structure we construct similarly has correspondences with the Fisher-Wright model of population genetics, but there are significant differences. The continuous time formulation of the model is expressed in terms of a Fokker-Planck equation. This equation is exactly soluble in the case of a single speaker and can be investigated analytically in the case of multiple speakers who communicate equally with all other speakers and give their utterances equal weight. Whilst the stationary properties of this system have much in common with the single-speaker case, time-dependent properties are richer. In the particular case where linguistic forms can become extinct, we find that the presence of many speakers causes a two-stage relaxation, the first being a common marginal distribution that persists for a long time as a consequence of ultimate extinction being due to rare fluctuations.},
  author = {Gareth J. Baxter and Richard A. Blythe and William Croft and Alan J. McKane},
  date-added = {2017-12-18 14:49:46 +0000},
  date-modified = {2017-12-18 14:49:46 +0000},
  doi = {10.1103/PhysRevE.73.046118},
  journal = {Physical Review E},
  pages = {046118},
  title = {Utterance Selection Model of Language Change},
  url = {http://www.isrl.uiuc.edu/~amag/langev/paper/baxter06utteranceSelectionModel.html},
  volume = {73},
  year = {2006},
  bdsk-url-1 = {http://www.isrl.uiuc.edu/~amag/langev/paper/baxter06utteranceSelectionModel.html},
  bdsk-url-2 = {http://dx.doi.org/10.1103/PhysRevE.73.046118},
}","Baxter, Blythe, Croft & McKane (2006)"
"dallasta06languageGamesNetworks","Luca Dall'Asta; Andrea Baronchelli; Alain Barrat; Vittorio Loreto","2006","Non-equilibrium dynamics of language games on complex networks","@Article{dallasta06languageGamesNetworks,
  abstract = {The Naming Game is a model of non-equilibrium dynamics for the self-organized emergence of a linguistic convention or a communication system in a population of agents with pairwise local interactions. We present an extensive study of its dynamics on complex networks, that can be considered as the most natural topological embedding for agents involved in language games and opinion dynamics. Except for some community structured networks on which metastable phases can be observed, agents playing the Naming Game always manage to reach a global consensus. This convergence is obtained after a time generically scaling with the population's size $N$ as $t\_{conv} \sim N^{1.4 \pm 0.1}$, i.e. much faster than for agents embedded on regular lattices. Moreover, the memory capacity required by the system scales only linearly with its size. Particular attention is given to heterogenous networks, in which the dynamical activity pattern of a node depends on its degree. High degree nodes have a fundamental role, but require larger memory capacity. They govern the dynamics acting as spreaders of (linguistic) conventions. The effects of other properties, such as the average degree and the clustering, are also discussed.},
  author = {Luca Dall'Asta and Andrea Baronchelli and Alain Barrat and Vittorio Loreto},
  date-added = {2017-12-18 14:49:46 +0000},
  date-modified = {2017-12-18 14:49:46 +0000},
  doi = {10.1103/PhysRevE%2E74%2E036105},
  journal = {Physical Review E},
  pages = {036105},
  title = {Non-equilibrium dynamics of language games on complex networks},
  url = {http://www.isrl.uiuc.edu/~amag/langev/paper/dallasta06languageGamesNetworks.html},
  volume = {74},
  year = {2006},
  bdsk-url-1 = {http://www.isrl.uiuc.edu/~amag/langev/paper/dallasta06languageGamesNetworks.html},
  bdsk-url-2 = {http://dx.doi.org/10.1103/PhysRevE%252E74%252E036105},
}","Dall'Asta, Baronchelli, Barrat & Loreto (2006)"
"dallasta06microscopicPatterns","Luca Dall'Asta; Andrea Baronchelli","2006","Microscopic activity patterns in the Naming Game","@Article{dallasta06microscopicPatterns,
  abstract = {The models of statistical physics used to study collective phenomena in some interdisciplinary contexts, such as social dynamics and opinion spreading, do not consider the effects of the memory on individual decision processes. On the contrary, in the Naming Game, a recently proposed model of Language formation, each agent chooses a particular state, or opinion, by means of a memory-based negotiation process, during which a variable number of states is collected and kept in memory. In this perspective, the statistical features of the number of states collected by the agents becomes a relevant quantity to understand the dynamics of the model, and the influence of topological properties on memory-based models. By means of a master equation approach, we analyze the internal agent dynamics of Naming Game in populations embedded on networks, finding that it strongly depends on very general topological properties of the system (e.g. average and fluctuations of the degree). However, the influence of topological properties on the microscopic individual dynamics is a general phenomenon that should characterize all those social interactions that can be modeled by memory-based negotiation processes.},
  author = {Luca Dall'Asta and Andrea Baronchelli},
  date-added = {2017-12-18 14:49:46 +0000},
  date-modified = {2017-12-18 14:49:46 +0000},
  doi = {10.1088/0305-4470/39/48/002},
  journal = {Journal of Physics A: Mathematical and General},
  month = {12},
  number = {48},
  pages = {14851-14867},
  title = {Microscopic activity patterns in the Naming Game},
  url = {http://www.isrl.uiuc.edu/~amag/langev/paper/dallasta06microscopicPatterns.html},
  volume = {39},
  year = {2006},
  bdsk-url-1 = {http://www.isrl.uiuc.edu/~amag/langev/paper/dallasta06microscopicPatterns.html},
  bdsk-url-2 = {http://dx.doi.org/10.1088/0305-4470/39/48/002},
}","Dall'Asta & Baronchelli (2006)"
"gong06languageOrigin","T. Gong; J. W. Minett; W. S-Y. Wang","2006","Language origin and the effects of individuals' popularity","@InProceedings{gong06languageOrigin,
  abstract = {The emergence of a compositional language with a simple grammar and the effects of individuals{\^a}{\texttrademark} popularity on the phylogeny of language are studied based on a multi-agent computational model. In this model, a bottom-up syntactic development is traced, in which the global syntax in sentences is gradually formed from local sequential information. Assuming that the popularity of individuals follows a power-law distribution, we demonstrate that a common language can emerge efficiently only for certain power-law distributions and that these distributions could also be formed as a result of the language phylogeny.},
  address = {Vancouver, CA},
  author = {T. Gong and J. W. Minett and W. S-Y. Wang},
  booktitle = {Proceedings of 2006 IEEE World Congress on Computational Intelligence},
  date-added = {2017-12-18 14:49:46 +0000},
  date-modified = {2017-12-18 14:49:46 +0000},
  pages = {3744-3751},
  title = {Language origin and the effects of individuals' popularity},
  url = {http://www.isrl.uiuc.edu/~amag/langev/paper/gong06languageOrigin.html},
  year = {2006},
  bdsk-url-1 = {http://www.isrl.uiuc.edu/~amag/langev/paper/gong06languageOrigin.html},
}","Gong, Minett & Wang (2006)"
"lanyon06evolang","Susan J. Lanyon","2006","A saltationist approach for the evolution of human cognition and language","@InProceedings{lanyon06evolang,
  abstract = {The debate over the evolution of an innate language capacity seems to divide into two principle camps. The neo-Darwinian approach generally argues that human psychological modules, in- cluding the language faculty, must have arisen gradually and incrementally having been honed by natural selection. Thus Pinker, when theorizing about language evolution, sees ''no reason to doubt that the principle explanation is the same as for any other complex instinct or organ, Darwin's theory of natural selection'' (Pinker, 1994, 333). However, as Knight et al. (2000) have pointed out, little attention has been paid by the neo-Darwinian approach to address the causes of the emergence of novelty. The saltationist approach gleans much of its evidence from the archaeological and paleontological record, which is interpreted as unsupportive of the neo-Darwinian paradigm. Jackendoff (1999) accuses those who do not accept that language arose gradually through natural selection as having been ''forced to devalue evolutionary argu- mentation''. Jackendoff's concern seems to stem from the view that there is only one way that evolution can proceed, through gradual change driven by natural selection. My concern is for the neglect of the vast amount of evidence supporting the theory that modern humans did not emerged in a gradual, step-wise fashion, so there is no reason to believe that cognition and lan- guage evolved in this manner. Here I argue that hominins evolved through major evolutionary leaps, which may have numbered only two or three significant mutation 'events'. Neoteny (the retention of infant or juvenile growth rates) appears to have been a major force in the evolu- tion of our primate ancestors and this process can explain the sudden emergence of many of the traits that define what it means to be human. Further evidence from the fossil and archaeological record supports a 'sudden' emergence of human cognition and language.},
  author = {Susan J. Lanyon},
  booktitle = {Proceedings of the 6th International Conference on the Evolution of Language},
  date-added = {2017-12-18 14:49:46 +0000},
  date-modified = {2017-12-18 14:49:46 +0000},
  pages = {176-183},
  title = {A saltationist approach for the evolution of human cognition and language},
  url = {http://www.isrl.uiuc.edu/~amag/langev/paper/lanyon06evolang.html},
  year = {2006},
  bdsk-url-1 = {http://www.isrl.uiuc.edu/~amag/langev/paper/lanyon06evolang.html},
}","Lanyon (2006)"
"nettle06costsAndBenefits","D. Nettle","2006","Language: Costs and benefits of a specialised system for social information transmission","@InCollection{nettle06costsAndBenefits,
  abstract = {Language is often thought of as the crowning human adaptation, the one that allowed Homo sapiens sapiens to conquer the globe. The assumption underlying such ideas is that verbal transmission of information provides unalloyed benefits, by reducing the costs of learning about the environment. However, this raises the question of why no other species has discovered such a good trick. I argue that verbal transmission is only likely to be adaptive in a restricted range of circumstances. Even then, it cannot be exclusively relied on, and it causes problems of deceit and instances of maladaptation. We should expect natural selection to have made us discriminating evaluators of verbal information who ultimately trust the evidence of our senses. Nonetheless, once language has become widespread, it can increase human adaptability, by increasing the efficiency of individual learning.},
  address = {London},
  author = {D. Nettle},
  booktitle = {Social Information Transmission and Human Biology},
  date-added = {2017-12-18 14:49:46 +0000},
  date-modified = {2017-12-18 14:49:46 +0000},
  editor = {J. Wells and {et al.}},
  pages = {137-152},
  publisher = {Taylor & Francis},
  title = {Language: Costs and benefits of a specialised system for social information transmission},
  url = {http://www.isrl.uiuc.edu/~amag/langev/paper/nettle06costsAndBenefits.html},
  year = {2006},
  bdsk-url-1 = {http://www.isrl.uiuc.edu/~amag/langev/paper/nettle06costsAndBenefits.html},
}","Nettle (2006)"
"Skoyles_2006","John R. Skoyles","2006","Human balance, the evolution of bipedalism and dysequilibrium syndrome","@Article{Skoyles_2006,
  author = {John R. Skoyles},
  date-added = {2017-08-16 09:19:06 +0000},
  date-modified = {2017-08-16 09:19:06 +0000},
  doi = {DOI: 10.1016/j.mehy.2006.01.042},
  issn = {0306-9877},
  journal = {Medical Hypotheses},
  number = {6},
  pages = {1060 - 1068},
  title = {Human balance, the evolution of bipedalism and dysequilibrium syndrome},
  url = {http://www.sciencedirect.com/science/article/B6WN2-4JG5FPH-4/2/17b7f97172e95704ee2b79c891e8f497},
  volume = {66},
  year = {2006},
  bdsk-url-1 = {http://www.sciencedirect.com/science/article/B6WN2-4JG5FPH-4/2/17b7f97172e95704ee2b79c891e8f497},
  bdsk-url-2 = {http://dx.doi.org/10.1016/j.mehy.2006.01.042},
}","Skoyles (2006)"
"gong07culturalTransmission","T. Gong; J. W. Minett; W. S-Y. Wang","2007","A Simulative Study of the Roles of Cultural Transmission in Language Evolution","@InProceedings{gong07culturalTransmission,
  abstract = {A multi-agent computational model is proposed to simulate language evolution in an acquisition framework. This framework involves many major forms of cultural transmission, and the simulation results of the model systematically examine the role of cultural transmission in language emergence and maintenance. In addition, this study discusses the effects of conventionalization during horizontal transmission on diffusing linguistic innovations, maintaining high levels of linguistic understandability, and triggering inevitable changes in the communal languages across generations. All these reflect that conventionalization could be a self-organizing property of the human communication system that drives language evolution.},
  address = {Singapore},
  author = {T. Gong and J. W. Minett and W. S-Y. Wang},
  booktitle = {Proceedings of 2007 IEEE Congress on Evolutionary Computation},
  date-added = {2017-12-18 14:49:46 +0000},
  date-modified = {2017-12-18 14:49:46 +0000},
  pages = {843-850},
  title = {A Simulative Study of the Roles of Cultural Transmission in Language Evolution},
  url = {http://www.isrl.uiuc.edu/~amag/langev/paper/gong07culturalTransmission.html},
  year = {2007},
  bdsk-url-1 = {http://www.isrl.uiuc.edu/~amag/langev/paper/gong07culturalTransmission.html},
}","Gong, Minett & Wang (2007)"
"hunley07geneticCoevolution","K.L. Hunley; G.S. Cabana; D.A. Merriwether; J.C. Long","2007","A formal test of linguistic and genetic coevolution in native Central and South America","@Article{hunley07geneticCoevolution,
  abstract = {This paper investigates a mechanism of linguistic and genetic coevolution in Native Central and South America. This mechanism proposes that a process of population fissions, expansions into new territories, and isolation of ancestral and descendant groups will produce congruent language and gene trees. To evaluate this population fissions mechanism, we collected published mtDNA sequences for 1,381 individuals from 17 Native Central and South American populations. We then tested the hypothesis that three well-known language classifications also represented the genetic structure of these populations. We rejected the hypothesis for each language classification. Our tests revealed linguistic and genetic correspondence in several shallow branches common to each classification, but no linguistic and genetic correspondence in the deeper branches contained in two of the language classifications. We discuss the possible causes for the lack of congruence between linguistic and genetic structure in the region, and describe alternative mechanisms of linguistic and genetic correspondence and their predictions.},
  author = {K.L. Hunley and G.S. Cabana and D.A. Merriwether and J.C. Long},
  date-added = {2017-12-18 14:49:46 +0000},
  date-modified = {2017-12-18 14:49:46 +0000},
  doi = {10.1002/ajpa.20542},
  journal = {American Journal of Physical Anthropology},
  keywords = {mtDNA; model fitting; Native American language classifications},
  month = {January},
  number = {4},
  pages = {622-631},
  title = {A formal test of linguistic and genetic coevolution in native Central and South America},
  url = {http://www.isrl.uiuc.edu/~amag/langev/paper/hunley07geneticCoevolution.html},
  volume = {132},
  year = {2007},
  bdsk-url-1 = {http://www.isrl.uiuc.edu/~amag/langev/paper/hunley07geneticCoevolution.html},
  bdsk-url-2 = {http://dx.doi.org/10.1002/ajpa.20542},
}","Hunley, Cabana, Merriwether & Long (2007)"
"selten07languageEmergencePNAS","Reinhard Selten; Massimo Warglien","2007","The emergence of simple languages in an experimental coordination game","@Article{selten07languageEmergencePNAS,
  abstract = {We investigate in a series of laboratory experiments how costs and benefits of linguistic communication affect the emergence of simple languages in a coordination task when no common language is available in the beginning. The experiment involved pairwise computerized communication between 152 subjects involved in at least 60 rounds. The subjects had to develop a common code referring to items in varying lists of geometrical figures distinguished by up to three features. A code had to be made of a limited repertoire of letters. Using letters had a cost. We are interested in the question of whether a common code is developed, and what enhances its emergence. Furthermore, we explore the emergence of compositional, protogrammatical structure in such codes. We compare environments that differ in terms of available linguistic resources (number of letters available) and in terms of stability of the task environment (variability in the set of figures). Our experiments show that a too small repertoire of letters causes coordination failures. Cost efficiency and role asymmetry are important factors enhancing communicative success. In stable environments, grammars do not seem to matter much, and instead efficient arbitrary codes often do better. However, in an environment with novelty, compositional grammars offer considerable coordination advantages and therefore are more likely to arise.},
  author = {Reinhard Selten and Massimo Warglien},
  date-added = {2017-12-18 14:49:46 +0000},
  date-modified = {2017-12-18 14:49:46 +0000},
  doi = {10.1073/pnas.0702077104},
  journal = {PNAS},
  keywords = {communication,compositionality,economics of language},
  month = {May},
  number = {18},
  pages = {7361-7366},
  title = {The emergence of simple languages in an experimental coordination game},
  url = {http://www.isrl.uiuc.edu/~amag/langev/paper/selten07languageEmergencePNAS.html},
  volume = {104},
  year = {2007},
  bdsk-url-1 = {http://www.isrl.uiuc.edu/~amag/langev/paper/selten07languageEmergencePNAS.html},
  bdsk-url-2 = {http://dx.doi.org/10.1073/pnas.0702077104},
}","Selten & Warglien (2007)"
"tang07languageGame","Chuan-Long Tang; Bo-Yu Lin; Wen-Xu Wang; Mao-Bin Hu; Bing-Hong Wang","2007","Role of connectivity-induced weighted words in language games.","@Article{tang07languageGame,
  abstract = {We present a modified naming game by introducing weights of words in the evolution process. We assign the weight of a word spoken by an agent according to its connectivity, which is a natural reflection of the agent's influence in population. A tunable parameter is introduced, governing the word weight based on the connectivity of agents. We consider the scale-free topology and concentrate on the efficiency of reaching the final consensus, which is of high importance in the self-organized system. Interestingly, it is found that there exists an optimal parameter value, leading to the fastest convergence. This indicates appropriate hub's effects favor the achievement of consensus. The evolution of distinct words helps to give a qualitative explanation of this phenomena. Similar nontrivial phenomena are observed in the total memory of agents with a peak in the middle range of parameter values. Other relevant characters are provided as well, including the time evolution of total memory and success rate for different parameter values as well as the average degree of the network, which are helpful for understanding the dynamics of the modified naming game in detail.},
  author = {Chuan-Long Tang and Bo-Yu Lin and Wen-Xu Wang and Mao-Bin Hu and Bing-Hong Wang},
  date-added = {2017-12-18 14:49:46 +0000},
  date-modified = {2017-12-18 14:49:47 +0000},
  doi = {10.1103/PhysRevE.75.027101},
  journal = {Physical Review E},
  month = {Feb},
  pages = {027101},
  title = {Role of connectivity-induced weighted words in language games.},
  url = {http://www.isrl.uiuc.edu/~amag/langev/paper/tang07languageGame.html},
  volume = {75},
  year = {2007},
  bdsk-url-1 = {http://www.isrl.uiuc.edu/~amag/langev/paper/tang07languageGame.html},
  bdsk-url-2 = {http://dx.doi.org/10.1103/PhysRevE.75.027101},
}","Tang, Lin, Wang, Hu, Wang et al. (2007)"
"vogt07ECAL","Paul Vogt","2007","Group size effects on the emergence of compositional structures in language","@InProceedings{vogt07ECAL,
  abstract = {This paper presents computer simulations which investigate the effect that different group sizes have on the emergence of compositional structures in languages. The simulations are based on a model that integrates the language game model with the iterated learning model. The simulations show that compositional structures tend to emerge more extensively for larger groups, which has a positive effect on the time in which the languages develop and on communicative success, which may even have an optimal group size. A mathematical analysis of the time of convergence is presented that provides an approximate explanation of the results. The paper concludes that increasing group sizes among humans could not only have triggered the origins of language, but also facilitated the evolution of more complex languages.},
  author = {Paul Vogt},
  booktitle = {ECAL07},
  date-added = {2017-12-18 14:49:46 +0000},
  date-modified = {2017-12-18 14:49:47 +0000},
  doi = {10.1007/978-3-540-74913-4_41},
  editor = {F. {Almeida e Costa} and L.M. Rocha and E. Costa and I Harvey},
  pages = {405-414},
  publisher = {Springer},
  title = {Group size effects on the emergence of compositional structures in language},
  url = {http://www.isrl.uiuc.edu/~amag/langev/paper/vogt07ECAL.html},
  year = {2007},
  bdsk-url-1 = {http://www.isrl.uiuc.edu/~amag/langev/paper/vogt07ECAL.html},
  bdsk-url-2 = {http://dx.doi.org/10.1007/978-3-540-74913-4_41},
}","Vogt (2007)"
"minett04endangeredLanguage","James W. Minett; William S-Y. Wang","2008","Modelling endangered languages: The effects of bilingualism and social structure","@Article{minett04endangeredLanguage,
  abstract = {The mathematical model for language competition developed by Abrams and Strogatz allows the evolution of the numbers of monolingual speakers of two competing languages to be estimated. In this paper, we extend the model to examine the role of bilingualism and social structure, neither of which are addressed in the previous model. We consider the impact of two strategies for language maintenance: (1) adjusting the status of the endangered language; and (2) adjusting the availability of monolingual and bilingual educational resources. The model allows us to predict for which scenarios of intervention language maintenance is more likely to be achieved. Qualitative analysis of the model indicates a set of intervention strategies by which the likelihood of successful maintenance is expected to increase.},
  author = {James W. Minett and William S-Y. Wang},
  date-added = {2017-12-18 14:49:46 +0000},
  date-modified = {2017-12-18 14:49:46 +0000},
  doi = {10.1016/j.lingua.2007.04.001},
  journal = {Lingua},
  keywords = {Language competition; Language death; Language maintenance; Dynamical system; Agent-based model},
  month = {January},
  number = {1},
  pages = {19-45},
  title = {Modelling endangered languages: The effects of bilingualism and social structure},
  url = {http://www.isrl.uiuc.edu/~amag/langev/paper/minett04endangeredLanguage.html},
  volume = {118},
  year = {2008},
  bdsk-url-1 = {http://www.isrl.uiuc.edu/~amag/langev/paper/minett04endangeredLanguage.html},
  bdsk-url-2 = {http://dx.doi.org/10.1016/j.lingua.2007.04.001},
}","Minett & Wang (2008)"
"lupyan2010language","Gary Lupyan; Rick Dale","2010","Language structure is partly determined by social structure","@Article{lupyan2010language,
  author = {Gary Lupyan and Rick Dale},
  date-added = {2017-08-18 15:21:57 +0000},
  date-modified = {2017-08-18 15:21:57 +0000},
  journal = {PloS one},
  number = {1},
  pages = {e8559},
  publisher = {Public Library of Science},
  title = {Language structure is partly determined by social structure},
  volume = {5},
  year = {2010},
}","Lupyan & Dale (2010)"
"bentz2013languages","Christian Bentz; Bodo Winter","2013","Languages with more second language learners tend to lose nominal case","@Article{bentz2013languages,
  abstract = {In this paper, we provide quantitative evidence showing that languages spoken by many second language speakers tend to have relatively small nominal case systems or no nominal case at all. In our sample, all languages with more than 50% second language speakers had no nominal case. The negative association between the number of second language speakers and nominal case complexity generalizes to different language areas and families. As there are many studies attesting to the difficulty of acquiring morphological case in second language acquisition, this result supports the idea that languages adapt to the cognitive constraints of their speakers, as well as to the sociolinguistic niches of their speaking communities. We discuss our results with respect to sociolinguistic typology and the Linguistic Niche Hypothesis, as well as with respect to qualitative data from historical linguistics. All in all, multiple lines of evidence converge on the idea that morphosyntactic complexity is reduced by a high degree of language contact involving adult learners.},
  author = {Christian Bentz and Bodo Winter},
  date-added = {2017-08-18 14:20:24 +0000},
  date-modified = {2017-08-18 14:21:57 +0000},
  journal = {Language Dynamics and Change},
  number = {1},
  pages = {1--27},
  publisher = {Brill},
  title = {Languages with more second language learners tend to lose nominal case},
  volume = {3},
  year = {2013},
}","Bentz & Winter (2013)"
"thomas2014self","James Geoffrey Thomas","2014","Self-domestication and language evolution","@PhdThesis{thomas2014self,
  author = {James Geoffrey Thomas},
  date-added = {2017-08-15 15:25:55 +0000},
  date-modified = {2017-08-15 15:26:18 +0000},
  school = {The University of Edinburgh},
  title = {Self-domestication and language evolution},
  year = {2014},
}","Thomas (2014)"
"bentz2016learning","Christian Bentz; Aleksandrs Berdicevskis","2016","Learning pressures reduce morphological complexity: Linking corpus, computational and experimental evidence","@InProceedings{bentz2016learning,
  author = {Christian Bentz and Aleksandrs Berdicevskis},
  booktitle = {COLING 2016},
  date-added = {2017-08-18 14:45:54 +0000},
  date-modified = {2017-08-18 14:45:54 +0000},
  pages = {222--232},
  title = {Learning pressures reduce morphological complexity: Linking corpus, computational and experimental evidence},
  year = {2016},
}","Bentz & Berdicevskis (2016)"
"evolang11_101","Maryia Fedzechkina; Becky Chu; T. Florian Jaeger; John Trueswell","2016","Processing Preferences Shape Language Change","@InProceedings{evolang11_101,
  author = {Maryia Fedzechkina and Becky Chu and T. Florian Jaeger and John Trueswell},
  booktitle = {The Evolution of Language: Proceedings of the 11th International Conference (EVOLANGX11)},
  date-added = {2017-12-18 16:18:12 +0000},
  date-modified = {2017-12-18 16:18:12 +0000},
  editor = {S.G. Roberts and C. Cuskley and L. McCrohon and L. Barceló-Coblijn and O. Fehér and T. Verhoef},
  publisher = {Online at \url{http://evolang.org/neworleans/papers/101.html}},
  title = {Processing Preferences Shape Language Change},
  year = {2016},
}","Fedzechkina, Chu, Jaeger & Trueswell (2016)"
"evolang11_119","Christine Cuskley; Vittorio Loreto","2016","The Emergence Of Rules And Exceptions In A Population Of Interacting Agents","@InProceedings{evolang11_119,
  author = {Christine Cuskley and Vittorio Loreto},
  booktitle = {The Evolution of Language: Proceedings of the 11th International Conference (EVOLANGX11)},
  date-added = {2017-12-18 16:18:12 +0000},
  date-modified = {2017-12-18 16:18:12 +0000},
  editor = {S.G. Roberts and C. Cuskley and L. McCrohon and L. Barceló-Coblijn and O. Fehér and T. Verhoef},
  publisher = {Online at \url{http://evolang.org/neworleans/papers/119.html}},
  title = {The Emergence Of Rules And Exceptions In A Population Of Interacting Agents},
  year = {2016},
}","Cuskley & Loreto (2016)"
"evolang11_132","Federica Cavicchio; Livnat Leemor; Simone Shamay-Tsoory; Wendy Sandler","2016","Are Emotional Displays An Evolutionary Precursor To Compositionality In Language?","@InProceedings{evolang11_132,
  author = {Federica Cavicchio and Livnat Leemor and Simone Shamay-Tsoory and Wendy Sandler},
  booktitle = {The Evolution of Language: Proceedings of the 11th International Conference (EVOLANGX11)},
  date-added = {2017-12-18 16:18:12 +0000},
  date-modified = {2017-12-18 16:18:12 +0000},
  editor = {S.G. Roberts and C. Cuskley and L. McCrohon and L. Barceló-Coblijn and O. Fehér and T. Verhoef},
  publisher = {Online at \url{http://evolang.org/neworleans/papers/132.html}},
  title = {Are Emotional Displays An Evolutionary Precursor To Compositionality In Language?},
  year = {2016},
}","Cavicchio, Leemor, Shamay-Tsoory & Sandler (2016)"
"evolang11_133","Christine Cuskley; Bernardo Monechi; Pietro Gravino; Vittorio Loreto","2016","The Evolution Of Collaborative Stories","@InProceedings{evolang11_133,
  author = {Christine Cuskley and Bernardo Monechi and Pietro Gravino and Vittorio Loreto},
  booktitle = {The Evolution of Language: Proceedings of the 11th International Conference (EVOLANGX11)},
  date-added = {2017-12-18 16:18:12 +0000},
  date-modified = {2017-12-18 16:18:12 +0000},
  editor = {S.G. Roberts and C. Cuskley and L. McCrohon and L. Barceló-Coblijn and O. Fehér and T. Verhoef},
  publisher = {Online at \url{http://evolang.org/neworleans/papers/133.html}},
  title = {The Evolution Of Collaborative Stories},
  year = {2016},
}","Cuskley, Monechi, Gravino & Loreto (2016)"
"evolang11_139","Johannes Dellert","2016","Using Causal Inference To Detect Directional Tendencies In Semantic Evolution","@InProceedings{evolang11_139,
  author = {Johannes Dellert},
  booktitle = {The Evolution of Language: Proceedings of the 11th International Conference (EVOLANGX11)},
  date-added = {2017-12-18 16:18:12 +0000},
  date-modified = {2017-12-18 16:18:12 +0000},
  editor = {S.G. Roberts and C. Cuskley and L. McCrohon and L. Barceló-Coblijn and O. Fehér and T. Verhoef},
  publisher = {Online at \url{http://evolang.org/neworleans/papers/139.html}},
  title = {Using Causal Inference To Detect Directional Tendencies In Semantic Evolution},
  year = {2016},
}","Dellert (2016)"
"evolang11_146","Rie Asano","2016","Towards An Action-oriented Approach To The Evolution Of Language And Music","@InProceedings{evolang11_146,
  author = {Rie Asano},
  booktitle = {The Evolution of Language: Proceedings of the 11th International Conference (EVOLANGX11)},
  date-added = {2017-12-18 16:18:12 +0000},
  date-modified = {2017-12-18 16:18:12 +0000},
  editor = {S.G. Roberts and C. Cuskley and L. McCrohon and L. Barceló-Coblijn and O. Fehér and T. Verhoef},
  publisher = {Online at \url{http://evolang.org/neworleans/papers/146.html}},
  title = {Towards An Action-oriented Approach To The Evolution Of Language And Music},
  year = {2016},
}","Asano (2016)"
"evolang11_148","Lluis Barcelo-Coblijn","2016","Evolution Towards An Optimal Management Of Linguistic Information","@InProceedings{evolang11_148,
  author = {Lluis Barcelo-Coblijn},
  booktitle = {The Evolution of Language: Proceedings of the 11th International Conference (EVOLANGX11)},
  date-added = {2017-12-18 16:18:12 +0000},
  date-modified = {2017-12-18 16:18:12 +0000},
  editor = {S.G. Roberts and C. Cuskley and L. McCrohon and L. Barceló-Coblijn and O. Fehér and T. Verhoef},
  publisher = {Online at \url{http://evolang.org/neworleans/papers/148.html}},
  title = {Evolution Towards An Optimal Management Of Linguistic Information},
  year = {2016},
}","Barcelo-Coblijn (2016)"
"evolang11_165","David Ardell; Noelle Anderson; Bodo Winter","2016","Noise In Phonology Affects Encoding Strategies In Morphology","@InProceedings{evolang11_165,
  author = {David Ardell and Noelle Anderson and Bodo Winter},
  booktitle = {The Evolution of Language: Proceedings of the 11th International Conference (EVOLANGX11)},
  date-added = {2017-12-18 16:18:12 +0000},
  date-modified = {2017-12-18 16:18:12 +0000},
  editor = {S.G. Roberts and C. Cuskley and L. McCrohon and L. Barceló-Coblijn and O. Fehér and T. Verhoef},
  publisher = {Online at \url{http://evolang.org/neworleans/papers/165.html}},
  title = {Noise In Phonology Affects Encoding Strategies In Morphology},
  year = {2016},
}","Ardell, Anderson & Winter (2016)"
"evolang11_166","Megan Broadway; Jamie Klaus; Billie Serafin; Heidi Lyn","2016","Signature Whistles In An Introduction Context","@InProceedings{evolang11_166,
  author = {Megan Broadway and Jamie Klaus and Billie Serafin and Heidi Lyn},
  booktitle = {The Evolution of Language: Proceedings of the 11th International Conference (EVOLANGX11)},
  date-added = {2017-12-18 16:18:12 +0000},
  date-modified = {2017-12-18 16:18:12 +0000},
  editor = {S.G. Roberts and C. Cuskley and L. McCrohon and L. Barceló-Coblijn and O. Fehér and T. Verhoef},
  publisher = {Online at \url{http://evolang.org/neworleans/papers/166.html}},
  title = {Signature Whistles In An Introduction Context},
  year = {2016},
}","Broadway, Klaus, Serafin & Lyn (2016)"
"evolang11_17","Andreas Baumann; Christina Prömer; Kamil Kazmierski; Nikolaus Ritt","2016","A Lotka-volterra Model Of The Evolutionary Dynamics Of Compositionality Markers","@InProceedings{evolang11_17,
  author = {Andreas Baumann and Christina Prömer and Kamil Kazmierski and Nikolaus Ritt},
  booktitle = {The Evolution of Language: Proceedings of the 11th International Conference (EVOLANGX11)},
  date-added = {2017-12-18 16:18:12 +0000},
  date-modified = {2017-12-18 16:18:12 +0000},
  editor = {S.G. Roberts and C. Cuskley and L. McCrohon and L. Barceló-Coblijn and O. Fehér and T. Verhoef},
  publisher = {Online at \url{http://evolang.org/neworleans/papers/17.html}},
  title = {A Lotka-volterra Model Of The Evolutionary Dynamics Of Compositionality Markers},
  year = {2016},
}","Baumann, Prömer, Kazmierski & Ritt (2016)"
"evolang11_19","Richard A. Blythe; Alistair H. Jones; Jessica Renton","2016","Spontaneous Dialect Formation In A Population Of Locally Aligning Agents","@InProceedings{evolang11_19,
  author = {Richard A. Blythe and Alistair H. Jones and Jessica Renton},
  booktitle = {The Evolution of Language: Proceedings of the 11th International Conference (EVOLANGX11)},
  date-added = {2017-12-18 16:18:12 +0000},
  date-modified = {2017-12-18 16:18:12 +0000},
  editor = {S.G. Roberts and C. Cuskley and L. McCrohon and L. Barceló-Coblijn and O. Fehér and T. Verhoef},
  publisher = {Online at \url{http://evolang.org/neworleans/papers/19.html}},
  title = {Spontaneous Dialect Formation In A Population Of Locally Aligning Agents},
  year = {2016},
}","Blythe, Jones & Renton (2016)"
"evolang11_200","Rie Asano; Edward Ruoyang Shi","2016","On A Music-ready Brain: Neural Basis, Mechanisms, And Their Contribution To The Language Evolution","@InProceedings{evolang11_200,
  author = {Rie Asano and Edward Ruoyang Shi},
  booktitle = {The Evolution of Language: Proceedings of the 11th International Conference (EVOLANGX11)},
  date-added = {2017-12-18 16:18:12 +0000},
  date-modified = {2017-12-18 16:18:12 +0000},
  editor = {S.G. Roberts and C. Cuskley and L. McCrohon and L. Barceló-Coblijn and O. Fehér and T. Verhoef},
  publisher = {Online at \url{http://evolang.org/neworleans/papers/200.html}},
  title = {On A Music-ready Brain: Neural Basis, Mechanisms, And Their Contribution To The Language Evolution},
  year = {2016},
}","Asano & Shi (2016)"
"evolang11_203","Greg Bryant","2016","How Do Laughter And Language Interact?","@InProceedings{evolang11_203,
  author = {Greg Bryant},
  booktitle = {The Evolution of Language: Proceedings of the 11th International Conference (EVOLANGX11)},
  date-added = {2017-12-18 16:18:12 +0000},
  date-modified = {2017-12-18 16:18:12 +0000},
  editor = {S.G. Roberts and C. Cuskley and L. McCrohon and L. Barceló-Coblijn and O. Fehér and T. Verhoef},
  publisher = {Online at \url{http://evolang.org/neworleans/papers/203.html}},
  title = {How Do Laughter And Language Interact?},
  year = {2016},
}","Bryant (2016)"
"evolang11_26","Cory Cuthbertson","2016","Empirically Assessing Linguistic Ability With Stone Tools","@InProceedings{evolang11_26,
  author = {Cory Cuthbertson},
  booktitle = {The Evolution of Language: Proceedings of the 11th International Conference (EVOLANGX11)},
  date-added = {2017-12-18 16:18:12 +0000},
  date-modified = {2017-12-18 16:18:12 +0000},
  editor = {S.G. Roberts and C. Cuskley and L. McCrohon and L. Barceló-Coblijn and O. Fehér and T. Verhoef},
  publisher = {Online at \url{http://evolang.org/neworleans/papers/26.html}},
  title = {Empirically Assessing Linguistic Ability With Stone Tools},
  year = {2016},
}","Cuthbertson (2016)"
"evolang11_37","Ekaterina Abramova","2016","Triadic Ontogenetic Ritualization: An Overlooked Possibility","@InProceedings{evolang11_37,
  author = {Ekaterina Abramova},
  booktitle = {The Evolution of Language: Proceedings of the 11th International Conference (EVOLANGX11)},
  date-added = {2017-12-18 16:18:12 +0000},
  date-modified = {2017-12-18 16:18:12 +0000},
  editor = {S.G. Roberts and C. Cuskley and L. McCrohon and L. Barceló-Coblijn and O. Fehér and T. Verhoef},
  publisher = {Online at \url{http://evolang.org/neworleans/papers/37.html}},
  title = {Triadic Ontogenetic Ritualization: An Overlooked Possibility},
  year = {2016},
}","Abramova (2016)"
"evolang11_39","Jennifer Culbertson; Simon Kirby; Marieke Schouwstra","2016","Word Order Universals Reflect Cognitive Biases: Evidence From Silent Gesture","@InProceedings{evolang11_39,
  author = {Jennifer Culbertson and Simon Kirby and Marieke Schouwstra},
  booktitle = {The Evolution of Language: Proceedings of the 11th International Conference (EVOLANGX11)},
  date-added = {2017-12-18 16:18:12 +0000},
  date-modified = {2017-12-18 16:18:12 +0000},
  editor = {S.G. Roberts and C. Cuskley and L. McCrohon and L. Barceló-Coblijn and O. Fehér and T. Verhoef},
  publisher = {Online at \url{http://evolang.org/neworleans/papers/39.html}},
  title = {Word Order Universals Reflect Cognitive Biases: Evidence From Silent Gesture},
  year = {2016},
}","Culbertson, Kirby & Schouwstra (2016)"
"evolang11_41","Cedric Boeckx; Constantina Theofanopoulou; Antonio Benítez-Burraco","2016","How The Brain Got Grammaticalized: Globularization And (self-)domestication","@InProceedings{evolang11_41,
  author = {Cedric Boeckx and Constantina Theofanopoulou and Antonio Ben\'{i}tez-Burraco},
  booktitle = {The Evolution of Language: Proceedings of the 11th International Conference (EVOLANGX11)},
  date-added = {2017-12-18 16:18:12 +0000},
  date-modified = {2017-12-18 16:18:12 +0000},
  editor = {S.G. Roberts and C. Cuskley and L. McCrohon and L. Barceló-Coblijn and O. Fehér and T. Verhoef},
  publisher = {Online at \url{http://evolang.org/neworleans/papers/41.html}},
  title = {How The Brain Got Grammaticalized: Globularization And (self-)domestication},
  year = {2016},
}","Boeckx, Theofanopoulou & Benítez-Burraco (2016)"
"evolang11_48","Mark Atkinson; Kenny Smith; Simon Kirby","2016","Adult Language Learning And The Evolution Of Linguistic Complexity","@InProceedings{evolang11_48,
  author = {Mark Atkinson and Kenny Smith and Simon Kirby},
  booktitle = {The Evolution of Language: Proceedings of the 11th International Conference (EVOLANGX11)},
  date-added = {2017-12-18 16:18:12 +0000},
  date-modified = {2017-12-18 16:18:12 +0000},
  editor = {S.G. Roberts and C. Cuskley and L. McCrohon and L. Barceló-Coblijn and O. Fehér and T. Verhoef},
  publisher = {Online at \url{http://evolang.org/neworleans/papers/48.html}},
  title = {Adult Language Learning And The Evolution Of Linguistic Complexity},
  year = {2016},
}","Atkinson, Smith & Kirby (2016)"
"evolang11_57","Dan Dediu; Scott Moisik","2016","Anatomical Biasing Of Click Learning And Production: An MRI And 3d Palate Imaging Study","@InProceedings{evolang11_57,
  author = {Dan Dediu and Scott Moisik},
  booktitle = {The Evolution of Language: Proceedings of the 11th International Conference (EVOLANGX11)},
  date-added = {2017-12-18 16:18:12 +0000},
  date-modified = {2017-12-18 16:18:12 +0000},
  editor = {S.G. Roberts and C. Cuskley and L. McCrohon and L. Barceló-Coblijn and O. Fehér and T. Verhoef},
  publisher = {Online at \url{http://evolang.org/neworleans/papers/57.html}},
  title = {Anatomical Biasing Of Click Learning And Production: An MRI And 3d Palate Imaging Study},
  year = {2016},
}","Dediu & Moisik (2016)"
"evolang11_74","Jon W. Carr; Kenny Smith; Hannah Cornish; Simon Kirby","2016","Cultural Evolution And Communication Yield Structured Languages In An Open-ended World","@InProceedings{evolang11_74,
  author = {Jon W. Carr and Kenny Smith and Hannah Cornish and Simon Kirby},
  booktitle = {The Evolution of Language: Proceedings of the 11th International Conference (EVOLANGX11)},
  date-added = {2017-12-18 16:18:12 +0000},
  date-modified = {2017-12-18 16:18:12 +0000},
  editor = {S.G. Roberts and C. Cuskley and L. McCrohon and L. Barceló-Coblijn and O. Fehér and T. Verhoef},
  publisher = {Online at \url{http://evolang.org/neworleans/papers/74.html}},
  title = {Cultural Evolution And Communication Yield Structured Languages In An Open-ended World},
  year = {2016},
}","Carr, Smith, Cornish & Kirby (2016)"
"evolang11_78","Ted Bayne","2016","The Antiquity Of Musicality And Its Role In Prehistoric Culture","@InProceedings{evolang11_78,
  author = {Ted Bayne},
  booktitle = {The Evolution of Language: Proceedings of the 11th International Conference (EVOLANGX11)},
  date-added = {2017-12-18 16:18:12 +0000},
  date-modified = {2017-12-18 16:18:12 +0000},
  editor = {S.G. Roberts and C. Cuskley and L. McCrohon and L. Barceló-Coblijn and O. Fehér and T. Verhoef},
  publisher = {Online at \url{http://evolang.org/neworleans/papers/78.html}},
  title = {The Antiquity Of Musicality And Its Role In Prehistoric Culture},
  year = {2016},
}","Bayne (2016)"
"evolang11_8","Alfredo Ardila","2016","Evolution Of Language From The Aphasia Perspective","@InProceedings{evolang11_8,
  author = {Alfredo Ardila},
  booktitle = {The Evolution of Language: Proceedings of the 11th International Conference (EVOLANGX11)},
  date-added = {2017-12-18 16:18:12 +0000},
  date-modified = {2017-12-18 16:18:12 +0000},
  editor = {S.G. Roberts and C. Cuskley and L. McCrohon and L. Barceló-Coblijn and O. Fehér and T. Verhoef},
  publisher = {Online at \url{http://evolang.org/neworleans/papers/8.html}},
  title = {Evolution Of Language From The Aphasia Perspective},
  year = {2016},
}","Ardila (2016)"
"evolang11_85","Aleksandrs Berdicevskis; Hanne Eckhoff","2016","Redundant Features Are Less Likely To Survive: Empirical Evidence From The Slavic Languages","@InProceedings{evolang11_85,
  author = {Aleksandrs Berdicevskis and Hanne Eckhoff},
  booktitle = {The Evolution of Language: Proceedings of the 11th International Conference (EVOLANGX11)},
  date-added = {2017-12-18 16:18:12 +0000},
  date-modified = {2017-12-18 16:18:12 +0000},
  editor = {S.G. Roberts and C. Cuskley and L. McCrohon and L. Barceló-Coblijn and O. Fehér and T. Verhoef},
  publisher = {Online at \url{http://evolang.org/neworleans/papers/85.html}},
  title = {Redundant Features Are Less Likely To Survive: Empirical Evidence From The Slavic Languages},
  year = {2016},
}","Berdicevskis & Eckhoff (2016)"
"evolang11_93","Christian Bentz","2016","The Low-complexity-belt: Evidence For Large-scale Language Contact In Human Prehistory?","@InProceedings{evolang11_93,
  author = {Christian Bentz},
  booktitle = {The Evolution of Language: Proceedings of the 11th International Conference (EVOLANGX11)},
  date-added = {2017-12-18 16:18:12 +0000},
  date-modified = {2017-12-18 16:18:12 +0000},
  editor = {S.G. Roberts and C. Cuskley and L. McCrohon and L. Barceló-Coblijn and O. Fehér and T. Verhoef},
  publisher = {Online at \url{http://evolang.org/neworleans/papers/93.html}},
  title = {The Low-complexity-belt: Evidence For Large-scale Language Contact In Human Prehistory?},
  year = {2016},
}","Bentz (2016)"
"rogers2016stick","Shane L Rogers; Nicolas Fay","2016","Stick or Switch: A Selection Heuristic Predicts when People Take the Perspective of Others or Communicate Egocentrically","@Article{rogers2016stick,
  author = {Shane L Rogers and Nicolas Fay},
  date-added = {2017-08-24 07:53:08 +0000},
  date-modified = {2017-08-24 07:53:08 +0000},
  journal = {PloS one},
  number = {7},
  pages = {e0159570},
  publisher = {Public Library of Science},
  title = {Stick or Switch: A Selection Heuristic Predicts when People Take the Perspective of Others or Communicate Egocentrically},
  volume = {11},
  year = {2016},
}","Rogers & Fay (2016)"
"Blasi_Moran_SLE_2017","Damian Blasi; Steve Moran; Ani Margvelashvili; Dan Dediu; Scott Moisik","2017","Molecular Anthropology as a window on language contact: diffusion probabilities in phonology and grammar","@InProceedings{Blasi_Moran_SLE_2017,
  author = {Damian Blasi and Steve Moran and Ani Margvelashvili and Dan Dediu and Scott Moisik},
  booktitle = {Proceedings of the 50th Annual Meeting of the Societas Linguistica Europaea},
  date-added = {2017-09-12 16:33:48 +0000},
  date-modified = {2017-09-12 16:37:57 +0000},
  title = {Molecular Anthropology as a window on language contact: diffusion probabilities in phonology and grammar},
  year = {2017},
}","Blasi, Moran, Margvelashvili, Dediu, Moisik et al. (2017)"
